settlement_name,osm_relation_id
Aba,1402808
Abaliget,1606342
Abasár,1417304
Abaújalpár,1317821
Abaújkér,1317762
Abaújlak,1391023
Abaújszolnok,1391024
Abaújszántó,1280990
Abaújvár,1280983
Abda,1440629
Abod,1317773
Abony,1319915
Abádszalók,1325119
Acsa,1375466
Acsalag,1483311
Acsád,1131678
Adony,1420598
Adorjánháza,1078447
Adorjás,575113
Adács,1417484
Adásztevel,1078626
Aggtelek,1317826
Agyagosszergény,1483469
Ajak,1453538
Ajka,1078501
Aka,1027803
Akasztó,1130332
Alacska,1428656
Alap,1403023
Alattyán,1323442
Albertirsa,1323261
Alcsútdoboz,1370220
Aldebrő,1417305
Algyő,1025064
Alibánfa,1357192
Almamellék,575120
Almásfüzitő,1608474
Almásháza,1359703
Almáskamarás,1026175
Almáskeresztúr,575252
Alsóberecki,1317353
Alsóbogát,1367878
Alsódobsza,1439559
Alsógagy,1317829
Alsómocsolád,575341
Alsónemesapáti,1359601
Alsónyék,1501299
Alsónána,1501297
Alsónémedi,214783
Alsópetény,1373920
Alsópáhok,1358253
Alsórajk,1358085
Alsóregmec,1432030
Alsószenterzsébet,1311790
Alsószentiván,1403110
Alsószentmárton,575196
Alsószuha,1418035
Alsószölnök,1131427
Alsótelekes,1607539
Alsótold,1370520
Alsóvadász,1391174
Alsózsolca,1440883
Alsóörs,1078460
Alsóújlak,1131460
Ambrózfalva,1025076
Anarcs,1452611
Andocs,1367841
Andornaktálya,1418116
Andrásfa,1131484
Annavölgy,1027772
Apagy,1447639
Apaj,222348
Aparhant,1501364
Apc,1417677
Apostag,1130412
Apácatorna,1078482
Apátfalva,1025109
Apátistvánfalva,1131404
Apátvarasd,575179
Aranyosapáti,1453873
Aranyosgadány,575216
Arka,1280976
Arló,1426685
Arnót,1440898
Aszaló,1440930
Aszód,1607378
Aszófő,1078598
Atkár,1417487
Attala,1502209
Babarc,575136
Babarcszőlős,575365
Babosdöbréte,1358050
Babócsa,1367977
Babót,1483468
Badacsonytomaj,1078570
Badacsonytördemic,1078520
Bag,1390978
Bagamér,1452162
Baglad,1311785
Bagod,1357109
Baj,1027769
Baja,1130381
Bajna,1027812
Bajánsenye,1131417
Bajót,1027832
Bak,1607254
Bakháza,1367978
Bakonszeg,1444178
Bakonya,575171
Bakonybánk,1027790
Bakonybél,1078629
Bakonycsernye,1370211
Bakonygyirót,1440714
Bakonyjákó,1078456
Bakonykoppány,1078514
Bakonykúti,1361437
Bakonynána,1078496
Bakonyoszlop,1078579
Bakonypéterd,1440711
Bakonypölöske,1078502
Bakonyszentiván,1078486
Bakonyszentkirály,1078630
Bakonyszentlászló,1440717
Bakonyszombathely,1027808
Bakonyszücs,1078566
Bakonyság,1078635
Bakonysárkány,1027828
Bakonytamási,1078468
Baks,1025078
Baksa,575354
Baktakék,1317761
Baktalórántháza,1452142
Baktüttös,1356969
Bakóca,575194
Balajt,1317784
Balassagyarmat,1370323
Balaton,1415526
Balatonakali,1078552
Balatonakarattya,3854416
Balatonalmádi,1078573
Balatonberény,1368066
Balatonboglár,1367832
Balatoncsicsó,1078574
Balatonederics,1078472
Balatonendréd,1367991
Balatonfenyves,1368071
Balatonföldvár,1367849
Balatonfüred,1078616
Balatonfőkajár,1078543
Balatonfűzfő,1078463
Balatongyörök,1360488
Balatonhenye,1078488
Balatonkenese,1078608
Balatonkeresztúr,1367917
Balatonlelle,1368026
Balatonmagyaród,1599350
Balatonmáriafürdő,1367884
Balatonrendes,1078513
Balatonszabadi,1367931
Balatonszemes,1367995
Balatonszentgyörgy,1367866
Balatonszepezd,1078535
Balatonszárszó,1367894
Balatonszőlős,1078596
Balatonudvari,1078623
Balatonvilágos,1458087
Balatonújlak,1367833
Balatonőszöd,1368008
Balinka,1370210
Balkány,1447644
Ballószög,1130396
Balmazújváros,1407074
Balogunyom,1131682
Balotaszállás,1130348
Balsa,1453500
Balástya,1025042
Bana,1027774
Barabás,1456932
Baracs,1420732
Baracska,1370245
Baranyahídvég,575360
Baranyajenő,575222
Baranyaszentgyörgy,575363
Barbacs,1483315
Barcs,1368014
Barlahida,1356903
Barnag,1078455
Basal,575118
Baskó,1280978
Battonya,1026174
Batyk,1359792
Baté,1367859
Bazsi,1078625
Becsehely,1320772
Becske,1370282
Becskeháza,1317818
Becsvölgye,1356912
Bedegkér,1367972
Bedő,1444158
Bejcgyertyános,1131463
Bekecs,1439561
Bekölce,1415538
Belecska,1503221
Beled,1483467
Beleg,1367853
Belezna,1607227
Beloiannisz,1418517
Belsősárd,1360836
Belvárdgyula,575286
Benk,1456937
Bercel,1370504
Beregdaróc,1456942
Beregsurány,1456928
Berekböszörmény,1444157
Berekfürdő,1325377
Beremend,575282
Berente,1428421
Beret,1317780
Berettyóújfalu,1444181
Berhida,1078551
Berkenye,1401469
Berkesd,575227
Berkesz,1453530
Bernecebaráti,1360848
Berzence,1367850
Berzék,1440885
Besence,575126
Besenyszög,1325341
Besenyőd,1447642
Besenyőtelek,1418121
Besnyő,1418514
Beszterec,1453516
Bezedek,575353
Bezenye,1492743
Bezeréd,1359712
Bezi,1483308
Biatorbágy,113461
Bicske,1380010
Bicsérd,575284
Bihardancsháza,1405227
Biharkeresztes,1444159
Biharnagybajom,1405224
Bihartorda,1405228
Biharugra,1026153
Bikal,575389
Bikács,1403026
Biri,1447638
Birján,575391
Bisse,575248
Boba,1132229
Bocfölde,1358051
Boconád,1418105
Bocska,1358076
Bocskaikert,1407075
Boda,575158
Bodajk,1369091
Bodmér,1321961
Bodolyabér,575185
Bodonhely,1440740
Bodony,1401776
Bodorfa,1078585
Bodrog,1367974
Bodroghalom,1317363
Bodrogkeresztúr,1433788
Bodrogkisfalud,1433786
Bodrogolaszi,1432107
Bogdása,575305
Bogyiszló,1493765
Bogyoszló,1483291
Bogács,1418454
Bogád,575182
Bogádmindszent,575281
Bojt,1444160
Bokod,1027810
Bokor,1370299
Boldog,1418240
Boldogasszonyfa,575322
Boldogkőváralja,1280991
Boldogkőújfalu,1280999
Boldva,1317793
Bolhás,1367838
Bolhó,1367861
Boncodfölde,1357103
Bonnya,1368097
Bonyhád,1501376
Bonyhádvarasd,1501366
Bordány,1025108
Borgáta,1132235
Borjád,575311
Borota,1130349
Borsfa,1320822
Borsodbóta,1428546
Borsodgeszt,1418452
Borsodivánka,1418112
Borsodnádasd,1415540
Borsodszentgyörgy,1426684
Borsodszirák,1317834
Borsosberény,1402556
Borszörcsök,1078435
Borzavár,1078569
Bosta,575203
Botpalád,1452464
Botykapeterd,575112
Bozsok,1131565
Bozzai,1131659
Bucsa,1026191
Bucsu,1131694
Bucsuta,1320811
Budajenő,113477
Budakalász,216158
Budakeszi,113473
Budapest,1244004
Budaörs,113463
Bugac,1130399
Bugacpusztaháza,1130417
Bugyi,214780
Buj,1453509
Buják,1370503
Buzsák,1367932
Bábolna,1027802
Bábonymegyer,1367905
Bácsalmás,1130314
Bácsbokod,1130400
Bácsborsód,1130427
Bácsszentgyörgy,1130410
Bácsszőlős,1130321
Bágyogszovát,1480088
Bálványos,1367844
Bánd,1078565
Bánfa,575114
Bánhorváti,1428678
Bánk,1322028
Bánokszentgyörgy,1320824
Bánréve,1428540
Bár,575119
Bárdudvarnok,1368056
Bárna,1372111
Bársonyos,1027783
Báránd,1405223
Báta,1501294
Bátaapáti,1501288
Bátaszék,1501286
Bátmonostor,1130322
Bátonyterenye,1417377
Bátor,1418158
Bátorliget,1452131
Bátya,1130422
Bázakerettye,1320821
Béb,1078449
Békás,1078495
Békés,1026148
Békéscsaba,1026172
Békésszentandrás,1026164
Békéssámson,1026186
Bélapátfalva,1418229
Bélavár,1367897
Bélmegyer,1026200
Bénye,1323375
Bér,1370514
Bérbaltavár,1131358
Bócsa,1130375
Bódvalenke,1317815
Bódvarákó,1317801
Bódvaszilas,1317767
Bókaháza,1359594
Bóly,575176
Bózsva,1431967
Böde,1315858
Bödeháza,1311722
Bögöt,1131462
Bögöte,1131316
Böhönye,1367944
Bököny,1447633
Bölcske,1407268
Börcs,1492764
Börzönce,1320816
Búcsúszentlászló,1358053
Bük,1131486
Bükkaranyos,1440881
Bükkmogyorósd,1415533
Bükkszenterzsébet,1415534
Bükkszentkereszt,1418455
Bükkszentmárton,1418231
Bükkszék,1415537
Bükkzsérc,1418449
Bükkábrány,1418304
Bükkösd,575124
Bürüs,575335
Büssü,1368069
Büttös,1317805
Bő,1131457
Bőcs,1440882
Bőny,1440654
Bőszénfa,1368002
Bősárkány,1483310
Cakóháza,1483299
Cece,1403107
Cegléd,1323439
Ceglédbercel,1323378
Celldömölk,1132249
Cered,1372101
Chernelházadamonya,1131435
Cibakháza,1319847
Cigánd,1317360
Cikó,1501301
Cirák,1430597
Csabacsűd,1026146
Csabaszabadi,1026170
Csabdi,1374982
Csabrendek,1078605
Csaholc,1452466
Csajág,1078628
Csanytelek,1025119
Csanádalberti,1025050
Csanádapáca,1026171
Csanádpalota,1025091
Csapi,1360006
Csapod,1458356
Csarnóta,575348
Csaroda,1456939
Csataszög,1315888
Csatka,1027809
Csatár,1358054
Csebény,575199
Csegöld,1452440
Csehbánya,1078580
Csehi,1131398
Csehimindszent,1131425
Csempeszkopács,1607308
Csemő,1319914
Csengele,1025044
Csenger,1456960
Csengersima,1452432
Csengerújfalu,1456963
Csengőd,1130362
Csenyéte,1317770
Csepreg,1131353
Cserdi,575174
Cserháthaláp,1370297
Cserhátsurány,1370295
Cserhátszentiván,1370532
Cserkeszőlő,1319860
Cserkút,575249
Csernely,1418230
Cserszegtomaj,1360481
Csertalakos,1356970
Csertő,575235
Cserénfa,1367935
Cserépfalu,1418450
Cserépváralja,1418316
Csesznek,1078440
Csesztreg,1415302
Csesztve,1370294
Csetény,1078461
Csibrák,1503716
Csikvánd,1440736
Csikéria,1130331
Csikóstőttős,1502212
Csincse,1418305
Csipkerek,1131454
Csitár,1370317
Csobaj,1439558
Csobád,1317760
Csobánka,216169
Csokonyavisonta,1367862
Csokvaomány,1607540
Csolnok,1027815
Csoma,1368013
Csombárd,1367879
Csomád,1390627
Csongrád,1025084
Csonkahegyhát,1315854
Csonkamindszent,575146
Csopak,1078599
Csorna,1483313
Csorvás,1026137
Csurgó,1368009
Csurgónagymarton,1368086
Csáfordjánosfa,1430599
Csákberény,1321966
Csákvár,1321963
Csákány,1368065
Csákánydoroszló,1131495
Csánig,1131428
Csány,1348113
Csányoszró,575159
Csárdaszállás,1026157
Császló,1452435
Császár,1027788
Császártöltés,1130420
Csátalja,1130413
Csávoly,1130334
Csécse,1370497
Csém,1027759
Csénye,1131371
Csép,1027758
Csépa,1319857
Csér,1430595
Csévharaszt,1356664
Csókakő,1369092
Csólyospálos,1130380
Csór,1361442
Csót,1078469
Csöde,1283487
Csögle,1078441
Csökmő,1413581
Csököly,1368088
Csömend,1368074
Csömödér,1314044
Csömör,1390432
Csönge,1132245
Csörnyeföld,1359839
Csörög,1375470
Csörötnek,1131330
Csősz,1402811
Csővár,1373919
Cák,1131570
Cégénydányád,1452460
Cún,575332
Dabas,1356707
Dabronc,1078536
Dabrony,1078639
Dad,1027818
Dalmand,1502214
Damak,1317790
Daraboshegy,1131400
Darnó,1452438
Darnózseli,1492793
Daruszentmiklós,1407269
Darvas,1413582
Darány,1368022
Debercsény,1370289
Debrecen,1444234
Debréte,1317787
Decs,1501285
Dejtár,1370318
Demecser,1453533
Demjén,1418128
Dencsháza,575361
Derecske,1443821
Derekegyház,1025056
Deszk,1025061
Detek,1317794
Detk,1418106
Devecser,1078595
Dinnyeberki,575217
Diósberény,1503222
Diósd,112433
Diósjenő,1360855
Dióskál,1358260
Diósviszló,575376
Doba,1078452
Doboz,1026216
Dobri,1359843
Dobronhegy,1357856
Domaháza,1428607
Domaszék,1025094
Dombegyház,1026135
Dombiratos,1026189
Dombrád,1453528
Dombóvár,1502215
Domony,1390691
Domoszló,1417308
Dormánd,1418123
Dorog,1027821
Dorogháza,1401774
Dozmat,1131693
Drágszél,1130351
Drávacsehi,575105
Drávacsepely,575220
Drávafok,575269
Drávagárdony,1367873
Drávaiványi,575362
Drávakeresztúr,575330
Drávapalkonya,575110
Drávapiski,575347
Drávaszabolcs,575188
Drávaszerdahely,575134
Drávasztára,575231
Drávatamási,1367952
Drégelypalánk,1360847
Dubicsány,1428436
Dudar,1078432
Duka,1132251
Dunaalmás,1027793
Dunabogdány,216165
Dunaegyháza,1130369
Dunafalva,1130368
Dunaföldvár,1407270
Dunaharaszti,222340
Dunakeszi,214932
Dunakiliti,1492740
Dunapataj,1130421
Dunaremete,1491439
Dunaszeg,1492787
Dunaszekcső,575368
Dunaszentbenedek,1130339
Dunaszentgyörgy,1493087
Dunaszentmiklós,1027799
Dunaszentpál,1492788
Dunasziget,1492744
Dunatetétlen,1130426
Dunavarsány,222342
Dunavecse,1130430
Dunaújváros,1420733
Dusnok,1130401
Dág,1027830
Dáka,1078602
Dámóc,1317361
Dánszentmiklós,1323259
Dány,1379823
Dávod,1130423
Dédestapolcsány,1428680
Dég,1403020
Délegyháza,222343
Dénesfa,1430602
Dévaványa,1026138
Dóc,1025073
Döbröce,1359793
Döbrököz,1503714
Döbrönte,1078517
Döbörhegy,1131424
Döge,1453526
Dömsöd,222347
Dömös,1027819
Dör,1483296
Dörgicse,1078638
Döröske,1131331
Dötk,1359704
Dövény,1418040
Dúzs,1503715
Ebergőc,1458345
Ebes,1405226
Ecseg,1370519
Ecsegfalva,1026215
Ecseny,1367997
Ecser,1385591
Ecséd,1417676
Edde,1368077
Edelény,1317800
Edve,1483293
Eger,1418156
Egeralja,1078473
Egeraracsa,1358259
Egerbakta,1418155
Egerbocs,1415528
Egercsehi,1415542
Egerfarmos,1418127
Egerlövő,1418115
Egerszalók,1418154
Egerszólát,1418157
Egervár,1357191
Egervölgy,1131431
Egerág,575256
Egyed,1480087
Egyek,1607464
Egyházasdengeleg,1372515
Egyházasfalu,1458351
Egyházasgerge,1371942
Egyházasharaszti,575169
Egyházashetye,1132238
Egyházashollós,1131312
Egyházaskesző,1078499
Egyházaskozár,575260
Egyházasrádóc,1131414
Elek,1026177
Ellend,575338
Előszállás,1407266
Emőd,1418312
Encs,1317840
Encsencs,1447714
Endrefalva,1370515
Endrőc,575211
Enese,1492765
Enying,1458080
Eperjes,1025066
Eperjeske,1456917
Eplény,1078459
Epöl,1027775
Ercsi,1418513
Erdőbénye,1432109
Erdőhorváti,1432102
Erdőkertes,1390626
Erdőkövesd,1415539
Erdőkürt,1372513
Erdősmecske,575349
Erdősmárok,575201
Erdőtarcsa,1372516
Erdőtelek,1418120
Erk,1323525
Erzsébet,575359
Eszteregnye,1607243
Esztergom,1027785
Esztergályhorváti,1358257
Esztár,1443815
Ete,1027800
Etes,1370511
Etyek,1370213
Fadd,1493764
Fajsz,1130435
Fancsal,1317759
Farkasgyepű,1078430
Farkaslyuk,1428606
Farmos,1323437
Farád,1483309
Fazekasboda,575267
Fedémes,1415535
Fegyvernek,1325337
Fehérgyarmat,1452434
Fehértó,1483300
Fehérvárcsurgó,1361433
Feked,575163
Feketeerdő,1492742
Felcsút,1370214
Feldebrő,1418107
Felgyő,1025068
Felpéc,1440745
Felsőberecki,1317269
Felsőcsatár,1131663
Felsődobsza,1440933
Felsőegerszeg,575144
Felsőgagy,1317804
Felsőjánosfa,1131461
Felsőkelecsény,1418039
Felsőlajos,1130425
Felsőmarác,1131487
Felsőmocsolád,1367966
Felsőnyárád,1428425
Felsőnyék,1458082
Felsőnána,1501374
Felsőpakony,214782
Felsőpetény,1322027
Felsőpáhok,1359602
Felsőrajk,1358261
Felsőregmec,1432028
Felsőszenterzsébet,1311783
Felsőszentiván,1130327
Felsőszentmárton,575309
Felsőszölnök,1131488
Felsőtelekes,1418041
Felsőtold,1370521
Felsőtárkány,1418232
Felsővadász,1391022
Felsőzsolca,1440897
Felsőörs,1078527
Fenyőfő,1440707
Ferencszállás,1025070
Fertőboz,1491337
Fertőd,1483474
Fertőendréd,1483464
Fertőhomok,1483475
Fertőrákos,1491336
Fertőszentmiklós,1483461
Fertőszéplak,1483463
Fiad,1367882
Filkeháza,1431960
Fityeház,1320770
Foktő,1130414
Folyás,1431869
Fony,1280997
Fonyód,1367922
Fonó,1368059
Forráskút,1025045
Forró,1317842
Fulókércs,1317812
Furta,1444155
Fábiánháza,1452139
Fábiánsebestyén,1025099
Fácánkert,1493763
Fáj,1317819
Fényeslitke,1453525
Fót,214931
Földes,1405214
Földeák,1025117
Füle,1458114
Fülesd,1452482
Fülpösdaróc,1452446
Fülöp,1447720
Fülöpháza,1130395
Fülöpjakab,1130374
Fülöpszállás,1130418
Fürged,1503203
Füzesabony,1418125
Füzesgyarmat,1026150
Füzér,1431968
Füzérkajata,1431965
Füzérkomlós,1431964
Füzérradvány,1432029
Főnyed,1368094
Fűzvölgy,1320818
Gacsály,1452488
Gadna,1391028
Gadács,1368020
Gadány,1367918
Gagyapáti,1317810
Gagybátor,1391025
Gagyvendégi,1391030
Galambok,1360005
Galgaguta,1370529
Galgagyörk,1375463
Galgahévíz,1390979
Galgamácsa,1375467
Galvács,1317766
Gamás,1367960
Ganna,1078577
Gara,1130385
Garabonc,1599348
Garadna,1317775
Garbolc,1452467
Garáb,1370505
Garé,575178
Gasztony,1131502
Gecse,1078564
Gelej,1418298
Gellénháza,1356901
Gelse,1358082
Gelsesziget,1358074
Gelénes,1456930
Gemzse,1452609
Gencsapáti,1131676
Gerde,575117
Gerendás,1026211
Geresdlak,575290
Gerjen,1493088
Gersekarát,1131492
Gerényes,575103
Geszt,1026199
Gesztely,1439554
Geszteréd,1447640
Gibárt,1317757
Gic,1078556
Gige,1367860
Gilvánfa,575228
Girincs,1440865
Golop,1440936
Gomba,1330551
Gombosszeg,1356904
Gordisa,575245
Gosztola,1311799
Grábóc,1501302
Gulács,1452469
Gutorfölde,1356975
Gyalóka,1333868
Gyanógeregye,1131671
Gyarmat,1440743
Gyenesdiás,1360485
Gyepükaján,1078610
Gyermely,1027825
Gyomaendrőd,1026166
Gyugy,1368081
Gyula,1026161
Gyulaháza,1452612
Gyulaj,1503713
Gyulakeszi,1078480
Gyál,1385739
Gyékényes,1368005
Gyód,575280
Gyóró,1430596
Gyömrő,1385399
Gyömöre,1440735
Gyöngyfa,575273
Gyöngyös,1417491
Gyöngyösfalu,1131575
Gyöngyöshalász,1417492
Gyöngyösmellék,575385
Gyöngyösoroszi,1417365
Gyöngyöspata,1417419
Gyöngyössolymos,1417482
Gyöngyöstarján,1417420
Gyönk,1503224
Györe,1501360
Györgytarló,1453497
Györköny,1403025
Gyúró,1370219
Gyügye,1452441
Gyüre,1453876
Győr,1440627
Győrasszonyfa,1440651
Győrladamér,1492789
Győrszemere,1440741
Győrság,1440708
Győrsövényház,1492766
Győrtelek,1452145
Győrvár,1131364
Győrzámoly,1492794
Győröcske,1456931
Győrújbarát,1440631
Győrújfalu,1440630
Gyűrűs,1359850
Gáborján,1443819
Gáborjánháza,1311724
Gádoros,1026156
Gálosfa,1367886
Gánt,1321964
Gárdony,1418516
Gátér,1130415
Gávavencsellő,1453499
Géberjén,1452437
Géderlak,1130343
Gégény,1453529
Gérce,1131505
Gétye,1358262
Gógánfa,1078491
Gór,1131362
Göd,214933
Gödre,575106
Gödöllő,1392595
Gölle,1367985
Gömörszőlős,1418045
Gönc,1280989
Göncruszka,1280985
Gönyű,1440652
Görbeháza,1431873
Görcsöny,575392
Görcsönydoboka,575198
Görgeteg,1367968
Gősfa,1357200
Hagyárosbörönd,1357104
Hahót,1358264
Hajdúbagos,1443825
Hajdúböszörmény,1407076
Hajdúdorog,1599032
Hajdúhadház,1607467
Hajdúnánás,1431872
Hajdúszoboszló,1405218
Hajdúszovát,1405217
Hajdúsámson,1444232
Hajmás,1368004
Hajmáskér,1078555
Hajós,1130311
Halastó,1131503
Halimba,1078489
Halmaj,1440929
Halmajugra,1417485
Halogy,1131392
Halászi,1491444
Halásztelek,222330
Hangony,1428608
Hangács,1317785
Hantos,1420597
Harasztifalu,1131478
Harc,1501284
Harka,1491338
Harkakötöny,1130340
Harkány,575224
Harsány,1440884
Harta,1130342
Hatvan,1418333
Hedrehely,1368007
Hegyesd,1078493
Hegyeshalom,1492745
Hegyfalu,1131469
Hegyháthodász,1131443
Hegyhátmaróc,575350
Hegyhátszentjakab,1131449
Hegyhátszentmárton,1131382
Hegyhátszentpéter,1131389
Hegyhátsál,1131409
Hegykő,1483477
Hegymagas,1078505
Hegymeg,1317792
Hegyszentmárton,575357
Hejce,1280980
Hejőbába,1418300
Hejőkeresztúr,1440866
Hejőkürt,1418301
Hejőpapi,1418296
Hejőszalonta,1418315
Helesfa,575098
Helvécia,1130312
Hencida,1443820
Hencse,1368078
Herceghalom,113474
Hercegkút,1432105
Hercegszántó,1130310
Herencsény,1370304
Herend,1078591
Heresznye,1367941
Hermánszeg,1452447
Hernyék,1360837
Hernád,1356708
Hernádbűd,1317835
Hernádcéce,1280986
Hernádkak,1607473
Hernádkércs,1440931
Hernádnémeti,1607472
Hernádpetri,1317791
Hernádszentandrás,1317769
Hernádszurdok,1280982
Hernádvécse,1317838
Heréd,1372511
Hetefejércse,1452468
Hetes,1367998
Hetvehely,575294
Hetyefő,1078494
Heves,1323522
Hevesaranyos,1415527
Hevesvezekény,1323512
Hidas,575283
Hidasnémeti,1280975
Hidegkút,1078589
Hidegség,1491339
Hidvégardó,1317765
Himesháza,575148
Himod,1483466
Hirics,575379
Hobol,575382
Hodász,1452140
Hollád,1367875
Hollóháza,1431961
Hollókő,1370537
Homokbödöge,1078650
Homokkomárom,1320815
Homokmégy,1130345
Homokszentgyörgy,1368100
Homorúd,575135
Homrogd,1391177
Hont,1360850
Horpács,1370288
Hort,1417680
Hortobágy,1418268
Horváthertelend,575369
Horvátlövő,1131661
Horvátzsidány,1131574
Hosszúhetény,575244
Hosszúpereszteg,1131474
Hosszúpályi,1443909
Hosszúvíz,1368067
Hosszúvölgy,1320809
Hosztót,1078621
Hottó,1357855
Hugyag,1370316
Hunya,1026213
Hunyadfalva,1273057
Husztót,575127
Hács,1368011
Háromfa,1367948
Háromhuta,1431962
Hárskút,1078583
Hásságy,575296
Hédervár,1492786
Héhalom,1372517
Héreg,1027770
Hét,1428442
Hévíz,1360478
Hévízgyörk,1390977
Hódmezővásárhely,1025072
Hövej,1483471
Hőgyész,1503269
Ibafa,575331
Iborfia,1356907
Ibrány,1453498
Igal,1368042
Igar,1403027
Igrici,1418302
Iharos,1368021
Iharosberény,1367871
Ikervár,1131490
Iklad,1390692
Iklanberény,1131506
Iklódbördőce,1314050
Ikrény,1440624
Iliny,1370296
Ilk,1456926
Illocska,575225
Imola,1418032
Imrehegy,1130347
Inke,1368010
Ináncs,1317806
Inárcs,1356712
Ipacsfa,575257
Ipolydamásd,1370262
Ipolyszög,1370320
Ipolytarnóc,1371937
Ipolytölgyes,1360854
Ipolyvece,1370314
Iregszemcse,1503201
Irota,1317836
Isaszeg,1390282
Ispánk,1131420
Istenmezeje,1415529
Istvándi,1367921
Iszkaszentgyörgy,1361447
Iszkáz,1078615
Isztimér,1369090
Ivád,1401773
Iván,1430601
Ivánbattyán,575393
Ivánc,1131360
Iváncsa,1418518
Ivándárda,575345
Izmény,1501368
Izsák,1130360
Izsófalva,1428424
Jakabszállás,1130346
Jenő,1361444
Jobaháza,1483316
Jobbágyi,1370531
Juta,1367929
Jágónak,1502211
Ják,1131670
Jákfa,1131451
Jákfalva,1418044
Jákó,1367988
Jánd,1452451
Jánkmajtis,1452430
Jánoshalma,1130366
Jánoshida,1323441
Jánosháza,1132233
Jánossomorja,1491422
Járdánháza,1415525
Jármi,1452124
Jásd,1078575
Jászalsószentgyörgy,1348118
Jászapáti,1323514
Jászberény,1348116
Jászboldogháza,1323440
Jászdózsa,1607385
Jászfelsőszentgyörgy,1323456
Jászfényszaru,1347281
Jászivány,1323513
Jászjákóhalma,1323457
Jászkarajenő,1415301
Jászkisér,1323516
Jászladány,1273054
Jászszentandrás,1323510
Jászszentlászló,1130323
Jásztelek,1323455
Jászágó,1347280
Jászárokszállás,1348115
Jéke,1453878
Jósvafő,1317788
Kaba,1405216
Kacorlak,1320798
Kacsóta,575320
Kadarkút,1367891
Kajdacs,1493089
Kajárpéc,1440744
Kajászó,1370247
Kakasd,1501289
Kakucs,1356709
Kalaznó,1501370
Kallósd,1359713
Kalocsa,1130407
Kamond,1078532
Kamut,1026195
Kapolcs,1078562
Kapoly,1367951
Kaposfő,1367950
Kaposgyarmat,1367963
Kaposhomok,1368012
Kaposkeresztúr,1367856
Kaposmérő,1368016
Kapospula,1502213
Kaposszekcső,1502210
Kaposszerdahely,1367979
Kaposvár,1368050
Kaposújlak,1367914
Kapuvár,1483473
Karakó,1132232
Karakószörcsök,1078617
Karancsalja,1370530
Karancsberény,1371945
Karancskeszi,1371946
Karancslapujtő,1371939
Karancsság,1370501
Karcag,1325376
Karcsa,1317359
Kardos,1026190
Kardoskút,1026187
Karmacs,1360487
Karos,1317351
Kartal,1402643
Karácsond,1417483
Karád,1367881
Kaskantyú,1130333
Kastélyosdombó,1368102
Kaszaper,1026197
Kaszó,1367880
Katafa,1131455
Katymár,1130405
Katádfa,575279
Kazincbarcika,1428651
Kazsok,1367955
Kazár,1372091
Kecel,1130372
Kecskemét,1130433
Kecskéd,1027773
Kehidakustány,1359715
Kelebia,1130316
Kelemér,1428440
Kelevíz,1368019
Keléd,1132228
Kemecse,1453517
Kemence,1360852
Kemendollár,1359701
Kemeneshőgyész,1078538
Kemeneskápolna,1132242
Kemenesmagasi,1132223
Kemenesmihályfa,1132226
Kemenespálfa,1132225
Kemenesszentmárton,1132248
Kemenesszentpéter,1078557
Kemenessömjén,1132250
Kemestaródfa,1131329
Kemse,575210
Keménfa,1283488
Kenderes,1325334
Kengyel,1273071
Kenyeri,1132230
Kenéz,1131315
Kenézlő,1453507
Kercaszomor,1131509
Kercseliget,1368095
Kerecsend,1418126
Kerecseny,1358083
Kerekegyháza,1130431
Kerekharaszt,1418334
Kereki,1368003
Kerepes,1388598
Keresztéte,1317758
Kerkabarabás,1356878
Kerkafalva,1311786
Kerkakutas,1283486
Kerkaszentkirály,1359842
Kerkateskánd,1314047
Kerkáskápolna,1131408
Kerta,1078512
Kertészsziget,1026206
Kerékteleki,1027753
Keszeg,1373917
Kesznyéten,1440872
Keszthely,1360484
Kesztölc,1027816
Keszü,575184
Keszőhidegkút,1503226
Kevermes,1026162
Kilimán,1358089
Kimle,1491440
Kincsesbánya,1361441
Királd,1428544
Királyegyháza,575107
Királyhegyes,1025111
Királyszentistván,1078483
Kisapostag,1420735
Kisapáti,1078622
Kisar,1452148
Kisasszond,1367975
Kisasszonyfa,575394
Kisbabot,1440733
Kisbajcs,1440628
Kisbajom,1367908
Kisberzseny,1078437
Kisberény,1367852
Kisbeszterce,575172
Kisbodak,1491443
Kisbucsa,1358055
Kisbudmér,575265
Kisbágyon,1370525
Kisbárapáti,1368000
Kisbárkány,1370526
Kisbér,1027779
Kiscsehi,1359845
Kiscsécs,1440869
Kiscsősz,1078586
Kisdobsza,575300
Kisdombegyház,1026192
Kisdorog,1501375
Kisdér,575321
Kisecset,1370293
Kisfalud,1483472
Kisfüzes,1415523
Kisgyalán,1367870
Kisgyőr,1418453
Kisgörbő,1606365
Kishajmás,575157
Kisharsány,575186
Kishartyán,1370516
Kisherend,575291
Kishuta,1431963
Kishódos,1452439
Kisigmánd,1027826
Kisjakabfalva,575173
Kiskassa,575315
Kiskinizs,1440926
Kiskorpád,1368062
Kiskunfélegyháza,1130390
Kiskunhalas,1130419
Kiskunlacháza,222346
Kiskunmajsa,1130387
Kiskutas,1357108
Kisköre,1325123
Kiskőrös,1130355
Kislippó,575374
Kisláng,1402810
Kisléta,1447636
Kislőd,1078448
Kismarja,1443816
Kismaros,1440601
Kismányok,1501365
Kisnamény,1452465
Kisnyárád,575191
Kisnána,1417284
Kisnémedi,1390625
Kisoroszi,216162
Kispalád,1452433
Kispirit,1078592
Kispáli,1357194
Kisrozvágy,1317358
Kisrákos,1131374
Kisrécse,1358071
Kissikátor,1426683
Kissomlyó,1132234
Kisszekeres,1452483
Kisszentmárton,575266
Kissziget,1314048
Kisszállás,1130416
Kisszékely,1403021
Kisszőlős,1078612
Kistamási,575121
Kistapolca,575334
Kistarcsa,1390433
Kistelek,1025060
Kistokaj,1440878
Kistolmács,1320820
Kistormás,1493780
Kistótfalu,575139
Kisunyom,1131685
Kisvarsány,1456923
Kisvaszar,1606347
Kisvejke,1501373
Kisvárda,1453536
Kisvásárhely,1359794
Kiszombor,1025098
Kiszsidány,1607309
Kisújszállás,1325342
Klárafalva,1025058
Kocs,1027757
Kocsola,1503182
Kocsord,1452149
Kocsér,1319917
Kokad,1452161
Kolontár,1078631
Komjáti,1317814
Komló,575200
Komlódtótfalu,1452428
Komlósd,1368015
Komlóska,1432110
Komoró,1453537
Kompolt,1418103
Komádi,1413577
Komárom,1027781
Kondorfa,1131359
Kondoros,1026173
Kondó,1428648
Konyár,1443824
Koppányszántó,1503180
Korlát,1280992
Koroncó,1440742
Kosd,1375475
Kovácshida,575237
Kovácsszénája,575297
Kovácsvágás,1432022
Kozmadombja,1315855
Kozárd,1370510
Kozármisleny,575212
Krasznokvajda,1317778
Kulcs,1420750
Kunadacs,1130363
Kunbaja,1130383
Kunbaracs,1130406
Kuncsorba,1325336
Kunfehértó,1130377
Kunhegyes,1325120
Kunmadaras,1332838
Kunpeszér,1130317
Kunszentmiklós,1130326
Kunszentmárton,1319859
Kunsziget,1492792
Kunszállás,1130315
Kunágota,1026203
Kup,1078614
Kupa,1391027
Kurd,1503717
Kurityán,1428426
Kustánszeg,1315853
Kutas,1367970
Kutasó,1370527
Kács,1418451
Kákics,575183
Kál,1418108
Káld,1131412
Kálló,1372512
Kállósemjén,1447646
Kálmáncsa,1367987
Kálmánháza,1447648
Káloz,1402814
Kálócfa,1315856
Kám,1131429
Kántorjánosi,1452125
Kány,1317764
Kánya,1367855
Kányavár,1320817
Kánó,1418034
Kápolna,1418104
Kápolnásnyék,1370243
Káptalanfa,1078528
Káptalantóti,1078466
Kára,1367937
Károlyháza,1491441
Kárász,575388
Kásád,575263
Kátoly,575218
Káva,1323377
Kávás,1607269
Kázsmárk,1440925
Kék,1453501
Kékcse,1453535
Kéked,1280996
Kékesd,575140
Kékkút,1078537
Kéleshalom,1130397
Kémes,575175
Kérsemjén,1452136
Kétbodony,1370283
Kétegyháza,1026155
Kéthely,1367953
Kétpó,1315882
Kétsoprony,1026181
Kétvölgy,1131433
Kéty,1501361
Kétújfalu,575187
Kóka,1379827
Kóny,1483312
Kópháza,1491335
Kórós,575141
Kóspallag,1370264
Kótaj,1446110
Köblény,575303
Köcsk,1132241
Kökény,575373
Kölcse,1452478
Kölesd,1493779
Kölked,575251
Kömlő,1418118
Kömlőd,1027756
Kömpöc,1130353
Kömörő,1452456
Körmend,1131491
Környe,1027755
Köröm,1440875
Körösladány,1026167
Körösnagyharsány,1026196
Körösszakál,1413578
Körösszegapáti,1444154
Köröstarcsa,1026152
Körösújfalu,1026182
Kötcse,1367964
Kötegyán,1026139
Kövegy,1025097
Köveskál,1078471
Kübekháza,1025049
Külsősárd,1120925
Külsővat,1078558
Küngös,1078433
Kőkút,1367967
Kőröshegy,1367868
Kőröstetétlen,1315884
Kőszeg,1131571
Kőszegdoroszló,1131568
Kőszegpaty,1131562
Kőszegszerdahely,1131572
Kőszárhegy,1361445
Kőtelek,1325326
Kővágószőlős,575329
Kővágótöttös,575208
Kővágóörs,1078584
Lad,1367949
Ladánybene,1130338
Lajoskomárom,1458081
Lajosmizse,1130398
Lak,1317820
Lakhegy,1357197
Lakitelek,1130336
Lakócsa,1367958
Lapáncsa,575155
Laskod,1452117
Lasztonya,1314049
Legyesbénye,1439560
Legénd,1373926
Lendvadedes,1311798
Lendvajakabfa,1608470
Lengyel,1503712
Lengyeltóti,1368047
Lenti,1311800
Lepsény,1458083
Lesencefalu,1078454
Lesenceistvánd,1078644
Lesencetomaj,1078601
Letenye,1320804
Letkés,1370261
Levelek,1447650
Levél,1492746
Leányfalu,216164
Leányvár,1027794
Libickozma,1367994
Lickóvadamos,1356906
Liget,575292
Ligetfalva,1359597
Lippó,575271
Liptód,575340
Lipót,1492791
Lispeszentadorján,1320823
Liszó,1320802
Litka,1317825
Litke,1371944
Litér,1078624
Lothárd,575215
Lovas,1078436
Lovasberény,1361440
Lovászhetény,575131
Lovászi,1359847
Lovászpatona,1078484
Lucfalva,1370524
Ludas,1417488
Ludányhalászi,1370512
Lukácsháza,1131573
Lulla,1367943
Lábatlan,1027780
Lábod,1367883
Lácacséke,1317352
Ládbesenyő,1317774
Lánycsók,575299
Lápafő,1503176
Látrány,1368072
Lázi,1440704
Lébény,1492747
Léh,1391175
Lénárddaróc,1418233
Létavértes,1443911
Lócs,1131468
Lókút,1078547
Lónya,1456943
Lórév,222338
Lövő,1430605
Lövőpetri,1452606
Lúzsok,575285
Lőkösháza,1026178
Lőrinci,1372519
Madaras,1130356
Madocsa,1407267
Maglóca,1483294
Maglód,1385398
Magosliget,1452475
Magy,1447634
Magyaralmás,1361439
Magyaratád,1367835
Magyarbánhegyes,1026185
Magyarbóly,575243
Magyarcsanád,1025052
Magyardombegyház,1026165
Magyaregregy,575214
Magyaregres,1368044
Magyarföld,1311782
Magyargencs,1078607
Magyargéc,1370522
Magyarhertelend,575333
Magyarhomorog,1413579
Magyarkeresztúr,1483314
Magyarkeszi,1503204
Magyarlak,1131456
Magyarlukafa,575367
Magyarmecske,575370
Magyarnádalja,1131343
Magyarnándor,1370287
Magyarpolány,1078428
Magyarsarlós,575170
Magyarszecsőd,1131410
Magyarszentmiklós,1320806
Magyarszerdahely,1358073
Magyarszombatfa,1131411
Magyarszék,575355
Magyartelek,575152
Majosháza,222344
Majs,575253
Makkoshotyka,1432023
Maklár,1418113
Makád,222339
Makó,1025047
Malomsok,1078475
Marcalgergelyi,1078560
Marcali,1368073
Marcaltő,1078542
Markaz,1417303
Markotabödöge,1483307
Markóc,575164
Maroslele,1025075
Martfű,1319853
Martonfa,575151
Martonvásár,1370244
Martonyi,1317823
Maráza,575344
Maróc,1320805
Marócsa,575352
Matty,575293
Mecseknádasd,575123
Mecsekpölöske,575375
Mecsér,1492749
Medgyesbodzás,1026193
Medgyesegyháza,1026204
Medina,1493781
Meggyeskovácsi,1131387
Megyaszó,1439552
Megyehíd,1131475
Megyer,1078510
Mekényes,575298
Mencshely,1078530
Mende,1385344
Merenye,575153
Mernye,1367847
Mersevát,1132244
Mesterháza,1131482
Mesteri,1132247
Mesterszállás,1319848
Meszes,1317831
Meszlen,1131672
Mesztegnyő,1367954
Mezőberény,1026145
Mezőcsokonya,1367957
Mezőcsát,1418299
Meződ,575272
Mezőfalva,1420596
Mezőgyán,1026202
Mezőhegyes,1026169
Mezőhék,1319856
Mezőkeresztes,1418313
Mezőkomárom,1458085
Mezőkovácsháza,1026214
Mezőkövesd,1418119
Mezőladány,1453871
Mezőlak,1078503
Mezőnagymihály,1418293
Mezőnyárád,1418319
Mezőpeterd,1444156
Mezősas,1413805
Mezőszemere,1418124
Mezőszentgyörgy,1458086
Mezőszilas,1403106
Mezőtárkány,1418114
Mezőtúr,1325356
Mezőzombor,1433783
Mezőörs,1440649
Miháld,1359973
Mihályfa,1359787
Mihálygerge,1371938
Mihályháza,1078457
Mihályi,1483462
Mike,1368053
Mikebuda,1319918
Mikekarácsonyfa,1356967
Mikepércs,1443823
Miklósi,1368030
Mikosszéplak,1131352
Mikófalva,1418235
Mikóháza,1432027
Milejszeg,1607268
Milota,1452484
Mindszent,1025101
Mindszentgodisa,575326
Mindszentkálla,1078613
Misefa,1359605
Miske,1130354
Miskolc,1440895
Miszla,1503228
Mocsa,1027827
Mogyoród,214930
Mogyorósbánya,1027766
Mogyoróska,1280987
Moha,1361449
Mohora,1370292
Mohács,575366
Molnaszecsőd,1131383
Molnári,1320765
Molvány,575289
Monaj,1391176
Monok,1433791
Monor,1607393
Monorierdő,1690323
Monostorapáti,1078481
Monostorpályi,1443910
Monoszló,1078597
Monyoród,575314
Mosdós,1368058
Mosonmagyaróvár,1491446
Mosonszentmiklós,1492750
Mosonszolnok,1491423
Mosonudvar,2132268
Mozsgó,575238
Mucsfa,1501359
Mucsi,1503711
Muhi,1440870
Murakeresztúr,1320769
Murarátka,1320812
Muraszemenye,1359840
Murga,1501362
Murony,1026205
Mád,1433792
Mágocs,575258
Mályi,1440874
Mályinka,1428681
Mánd,1452449
Mándok,1453877
Mánfa,575166
Mány,1380009
Márfa,575156
Máriahalom,1027823
Máriakálnok,1491442
Máriakéménd,575278
Márianosztra,1370265
Máriapócs,1447647
Márkháza,1370500
Márkó,1078444
Márok,575213
Márokföld,1311789
Márokpapi,1456933
Mártély,1025046
Mátraballa,1401775
Mátraderecske,1417281
Mátramindszent,1401778
Mátranovák,1372092
Mátraszele,1372114
Mátraszentimre,1417366
Mátraszőlős,1370506
Mátraterenye,1372093
Mátraverebély,1372112
Mátyus,1456920
Mátyásdomb,1403019
Mátészalka,1452121
Mátételke,1130329
Máza,575162
Méhkerék,1026168
Méhtelek,1452474
Mélykút,1130382
Méra,1317777
Mérges,1440746
Mérk,1452135
Mónosbél,1418228
Mór,1369089
Mórahalom,1025067
Móricgát,1130432
Mórichida,1440739
Mórágy,1501292
Múcsony,1428420
Mőcsény,1501290
Nadap,1361453
Nagyacsád,1078593
Nagyalásony,1078508
Nagyar,1452481
Nagyatád,1367999
Nagybajcs,1492795
Nagybajom,1368023
Nagybakónak,1358077
Nagybaracska,1130335
Nagybarca,1428650
Nagyberki,1367910
Nagyberény,1367839
Nagybudmér,575102
Nagybánhegyes,1026176
Nagybárkány,1370517
Nagybörzsöny,1370259
Nagycenk,1458349
Nagycsepely,1368064
Nagycserkesz,1447609
Nagycsány,575328
Nagycsécs,1440873
Nagydobos,1452137
Nagydobsza,575241
Nagydorog,1503223
Nagydém,1078568
Nagyecsed,1452138
Nagyesztergár,1078474
Nagyfüged,1417490
Nagygeresd,1131494
Nagygyimót,1078487
Nagygörbő,1359785
Nagyhajmás,575342
Nagyhalász,1453502
Nagyharsány,575371
Nagyhegyes,1405220
Nagyhuta,1432024
Nagyhódos,1452471
Nagyigmánd,1027795
Nagyiván,1332839
Nagykamarás,1026147
Nagykanizsa,1320813
Nagykapornak,1359606
Nagykarácsony,1403017
Nagykereki,1444153
Nagykeresztúr,1370518
Nagykinizs,1440932
Nagykorpád,1368082
Nagykovácsi,215946
Nagykozár,575304
Nagykutas,1357190
Nagykálló,1447631
Nagykáta,1323458
Nagykónyi,1503181
Nagykökényes,1372508
Nagykölked,1131473
Nagykörű,1315883
Nagykőrös,1319913
Nagylak,1025096
Nagylengyel,1356911
Nagylóc,1370507
Nagylók,1420595
Nagylózs,1458347
Nagymaros,1440603
Nagymizdó,1131464
Nagymágocs,1025053
Nagymányok,1501367
Nagynyárád,575232
Nagyoroszi,1402555
Nagypall,575301
Nagypeterd,575165
Nagypirit,1078451
Nagypáli,1357199
Nagyrada,1599349
Nagyrozvágy,1317357
Nagyrábé,1444177
Nagyrákos,1124138
Nagyrécse,1360007
Nagyréde,1417486
Nagyrév,1319858
Nagysimonyi,1132240
Nagyszakácsi,1368001
Nagyszekeres,1452452
Nagyszentjános,1440648
Nagyszokoly,1503202
Nagyszékely,1403028
Nagyszénás,1026180
Nagysáp,1027784
Nagytarcsa,1390431
Nagytevel,1078640
Nagytilaj,1131497
Nagytálya,1418117
Nagytótfalu,575308
Nagytőke,1025095
Nagyvarsány,1456929
Nagyvejke,1501363
Nagyveleg,1369087
Nagyvenyim,1420599
Nagyvisnyó,1418227
Nagyváty,575209
Nagyvázsony,1078619
Nagyér,1025120
Nagyút,1418100
Nak,1502216
Napkor,1447611
Narda,1131674
Naszály,1027822
Nekézseny,1428545
Nemesapáti,1359708
Nemesbikk,1418291
Nemesborzova,1452461
Nemesbük,1359604
Nemesbőd,1131677
Nemescsó,1131564
Nemesdéd,1367982
Nemesgulács,1078632
Nemesgörzsöny,1078572
Nemeshany,1078633
Nemeshetés,1358052
Nemeske,575167
Nemeskeresztúr,1132246
Nemeskisfalud,1367867
Nemeskocs,1132239
Nemeskolta,1131675
Nemeskér,1430603
Nemesládony,1131477
Nemesmedves,1131500
Nemesnádudvar,1130434
Nemesnép,1311784
Nemespátró,1607226
Nemesrempehollós,1131434
Nemesrádó,1358254
Nemesszalók,1078529
Nemesszentandrás,1358056
Nemessándorháza,1359607
Nemesvid,1367865
Nemesvita,1078549
Nemesvámos,1078645
Nemti,1372113
Neszmély,1027778
Nick,1131421
Nikla,1367876
Noszlop,1078497
Noszvaj,1418159
Nova,1356902
Novaj,1418122
Novajidrány,1317827
Nyalka,1440650
Nyergesújfalu,1027805
Nyim,1367936
Nyirád,1078470
Nyomár,1317797
Nyugotszenterzsébet,575288
Nyáregyháza,1323260
Nyárlőrinc,1130373
Nyársapát,1319916
Nyárád,1571938
Nyékládháza,1440868
Nyésta,1391029
Nyíracsád,1447715
Nyíradony,1447719
Nyírbogdány,1447610
Nyírbogát,1452143
Nyírbátor,1452127
Nyírbéltek,1447716
Nyírcsaholy,1452126
Nyírcsászári,1452122
Nyírderzs,1452115
Nyíregyháza,1447608
Nyírgelse,1447645
Nyírgyulaj,1452116
Nyíri,1431966
Nyíribrony,1452118
Nyírjákó,1452129
Nyírkarász,1452608
Nyírkáta,1452150
Nyírkércs,1452153
Nyírlugos,1447718
Nyírlövő,1453875
Nyírmada,1452605
Nyírmeggyes,1452141
Nyírmihálydi,1447635
Nyírmártonfalva,1444231
Nyírparasznya,1452119
Nyírpazony,1447612
Nyírpilis,1452128
Nyírtass,1453539
Nyírtelek,1446109
Nyírtura,1447614
Nyírtét,1447606
Nyírvasvári,1452152
Nyírábrány,1447717
Nyúl,1573075
Nyőgér,1131413
Nábrád,1452113
Nádasd,1131406
Nádasdladány,1361438
Nádudvar,1405215
Nágocs,1367858
Nárai,1131683
Négyes,1335903
Németbánya,1078606
Németfalu,1315862
Németkér,1407271
Nézsa,1373922
Nógrád,1401468
Nógrádkövesd,1373923
Nógrádmarcal,1370303
Nógrádmegyer,1370499
Nógrádsipek,1370498
Nógrádszakál,1371943
Nógrádsáp,1373918
Nóráp,1078518
Nőtincs,1373916
Okorvölgy,1607219
Okorág,575111
Okány,1026201
Olasz,575160
Olaszfa,1131377
Olaszfalu,1078546
Olaszliszka,1453511
Olcsva,1452455
Olcsvaapáti,1452476
Old,575302
Oltárc,1320810
Onga,1440896
Orbányosfa,1359707
Orci,1368098
Ordacsehi,1367992
Ordas,1130378
Orfalu,1131458
Orfű,575261
Orgovány,1130371
Ormosbánya,1418042
Ormándlak,1356908
Orosháza,1026144
Oroszi,1078540
Oroszlány,1027762
Oroszló,575378
Orosztony,1358086
Ortaháza,1314043
Osli,1483319
Ostffyasszonyfa,1132243
Ostoros,1607560
Oszkó,1131334
Oszlár,1418292
Osztopán,1368052
Ozmánbük,1357102
Ozora,1403108
Pacsa,1358255
Padár,1359714
Pakod,1359705
Paks,1493086
Palkonya,575250
Palotabozsok,575143
Palotás,1372518
Paloznak,1078590
Palé,575145
Pamlény,1317807
Pamuk,1367971
Pankasz,1131432
Pannonhalma,1440715
Panyola,1452459
Pap,1453872
Papkeszi,1078462
Papos,1452134
Parasznya,1428649
Parád,1402598
Parádsasvár,1417367
Paszab,1453505
Pat,1360010
Patak,1370321
Patalom,1367996
Patapoklosi,575372
Patca,1367942
Patosfa,1367872
Patvarc,1370319
Pecöl,1131379
Pellérd,575137
Penc,1375474
Penyige,1452444
Penészlek,1447713
Perbál,215936
Pere,1317841
Perecse,1317782
Pereked,575190
Perenye,1131664
Peresznye,1131563
Pereszteg,1458353
Perkupa,1317772
Perkáta,1420594
Perőcsény,1360851
Peterd,575125
Pethőhenye,1357198
Petneháza,1452607
Petrikeresztúr,1356910
Petrivente,1320773
Pettend,575138
Petőfibánya,1372520
Petőfiszállás,1130359
Petőháza,1483478
Petőmihályfa,1131483
Piliny,1370523
Pilis,1323376
Pilisborosjenő,215942
Piliscsaba,215939
Piliscsév,1027754
Pilisjászfalu,215938
Pilismarót,1027768
Pilisszentiván,215944
Pilisszentkereszt,216168
Pilisszentlászló,216167
Pilisszántó,215940
Pilisvörösvár,215943
Pincehely,1403024
Pinkamindszent,1131319
Pinnye,1458346
Piricse,1452112
Pirtó,1130391
Piskó,575384
Pitvaros,1025040
Pocsaj,1443912
Pogány,575168
Pogányszentpéter,1367899
Polgár,1431870
Polgárdi,1458115
Polány,1367889
Pomáz,216159
Porcsalma,1452443
Pornóapáti,1131667
Poroszló,1325131
Porpác,1131363
Porrog,1367888
Porrogszentkirály,1367938
Porrogszentpál,1368051
Porva,1078603
Potony,1367990
Potyond,1483301
Prügy,1433787
Pula,1078534
Pusztaapáti,1315860
Pusztaberki,1370284
Pusztacsalád,1430600
Pusztacsó,1131569
Pusztadobos,1452144
Pusztaederics,1356972
Pusztafalu,1431959
Pusztaföldvár,1026194
Pusztahencse,1493090
Pusztakovácsi,1368038
Pusztamagyaród,1320801
Pusztamiske,1078446
Pusztamonostor,1344988
Pusztamérges,1025115
Pusztaottlaka,1026140
Pusztaradvány,1317830
Pusztaszabolcs,1418515
Pusztaszemes,1367981
Pusztaszentlászló,1356968
Pusztaszer,1025116
Pusztavacs,1356710
Pusztavám,1369088
Pusztazámor,113459
Putnok,1428435
Pácin,1317349
Pácsony,1131416
Páhi,1130352
Páka,1320797
Pákozd,1361434
Pálfa,1403109
Pálfiszeg,1356905
Pálháza,1432025
Páli,1483317
Pálmajor,1368101
Pálmonostora,1130408
Pálosvörösmart,1417307
Pánd,1323379
Pányok,1280994
Pápa,1078479
Pápadereske,1078524
Pápakovácsi,1078620
Pápasalamon,1078636
Pápateszér,1078526
Pápoc,1132231
Páprád,575207
Pári,1503175
Pásztori,1483302
Pásztó,1417422
Pátka,1361436
Pátroha,1453534
Páty,113475
Pátyod,1452487
Pázmánd,1361430
Pázmándfalu,1440655
Pécel,1385400
Pécs,575380
Pécsbagota,575327
Pécsdevecser,575128
Pécsely,1078498
Pécsudvard,575132
Pécsvárad,575323
Pély,1323517
Pénzesgyőr,1078637
Pér,1440632
Péterhida,1367912
Péteri,1385348
Pétervására,1415536
Pétfürdő,1078561
Pócsa,575100
Pócsmegyer,216163
Pócspetri,1447632
Pókaszepetk,1359710
Pórszombat,1315859
Pósfa,1131507
Pölöske,1358263
Pölöskefő,1358088
Pörböly,1501298
Pördefölde,1314045
Pötréte,1358267
Püski,1491445
Püspökhatvan,1375464
Püspökladány,1405221
Püspökmolnári,1131496
Püspökszilágy,1375472
Radostyán,1428655
Ragály,1418033
Rajka,1492741
Rakaca,1317798
Rakacaszend,1317802
Rakamaz,1453510
Ramocsa,1311787
Ramocsaháza,1452120
Raposka,1078642
Ravazd,1440716
Recsk,1417278
Regenye,575154
Regéc,1280979
Regöly,1503229
Remeteszőlős,215947
Resznek,1311781
Rezi,1360477
Ricse,1317364
Rigyác,1320774
Rigács,1078500
Rimóc,1370509
Rinyabesenyő,1368048
Rinyakovácsi,1367940
Rinyaszentkirály,1367851
Rinyaújlak,1368061
Rinyaújnép,1368055
Rohod,1452132
Romhány,1370291
Romonya,575259
Románd,1440713
Rozsály,1452442
Rudabánya,1418036
Rudolftelep,1428423
Rum,1131691
Ruzsa,1025118
Rábacsanak,1480090
Rábacsécsény,1440731
Rábagyarmat,1131375
Rábahídvég,1131402
Rábakecöl,1483470
Rábapatona,1492767
Rábapaty,1131470
Rábapordány,1480089
Rábasebes,1483297
Rábaszentandrás,1480086
Rábaszentmihály,1440737
Rábaszentmiklós,1607339
Rábatamási,1483295
Rábatöttös,1131666
Rábcakapi,1483298
Rácalmás,1420734
Ráckeresztúr,1370246
Ráckeve,222336
Rád,1375471
Rádfalva,575204
Rádóckölked,1131446
Ráksi,1367877
Rákóczibánya,1372089
Rákóczifalva,1273070
Rákócziújfalu,1607434
Rápolt,1452479
Rásonysápberencs,1391178
Rátka,1432103
Rátót,1131365
Réde,1027814
Rédics,1311801
Rém,1130357
Répcelak,1131418
Répceszemere,1430598
Répceszentgyörgy,1131318
Répcevis,1333867
Répáshuta,1418457
Rétalap,1440657
Rétközberencs,1453531
Rétság,1322031
Révfülöp,1078634
Révleányvár,1317362
Rózsafa,575276
Rózsaszentmárton,1417681
Röjtökmuzsaj,1458354
Rönök,1131480
Röszke,1025069
Sajtoskál,1131471
Sajóbábony,1428644
Sajóecseg,1428647
Sajógalgóc,1428441
Sajóhídvég,1440864
Sajóivánka,1428427
Sajókaza,1428438
Sajókeresztúr,1428653
Sajókápolna,1428654
Sajólád,1440880
Sajólászlófalva,1428652
Sajómercse,1428547
Sajónémeti,1428543
Sajópetri,1440879
Sajópálfala,1440899
Sajópüspöki,1428541
Sajósenye,1440928
Sajószentpéter,1428646
Sajószöged,1440867
Sajóvelezd,1428434
Sajóvámos,1440924
Sajóörös,1440863
Salföld,1078439
Salgótarján,1372090
Salköveskút,1131658
Salomvár,1315857
Sand,1360009
Sarkad,1026159
Sarkadkeresztúr,1026136
Sarród,1607326
Sarud,1325122
Segesd,1368079
Sellye,551715
Selyeb,1391026
Semjén,1317356
Semjénháza,1320766
Seregélyes,1361431
Serényfalva,1428439
Siklós,575149
Siklósbodony,575147
Siklósnagyfalu,575356
Sikátor,1440709
Sima,1280988
Simaság,1131354
Simonfa,1367845
Simontornya,1403104
Sirok,1417280
Sitke,1131437
Sióagárd,1501293
Siófok,1368046
Siójut,1367946
Sobor,1440734
Sokorópátka,1440710
Solt,1130376
Soltszentimre,1130386
Soltvadkert,1130438
Solymár,215945
Som,1367857
Somberek,575390
Somlójenő,1078523
Somlószőlős,1078578
Somlóvecse,1078646
Somlóvásárhely,1078550
Somodor,1368070
Somogyacsa,1367869
Somogyapáti,575358
Somogyaracs,1368090
Somogyaszaló,1367836
Somogybabod,1367840
Somogybükkösd,1367846
Somogycsicsó,1368099
Somogydöröcske,1368068
Somogyegres,1367885
Somogyfajsz,1367834
Somogygeszti,1367928
Somogyhatvan,575274
Somogyhárságy,575150
Somogyjád,1367939
Somogymeggyes,1368063
Somogysimonyi,1368017
Somogyszentpál,1367926
Somogyszil,1367920
Somogyszob,1368045
Somogysámson,1368033
Somogysárd,1367837
Somogytúr,1367924
Somogyudvarhely,1368054
Somogyviszló,575226
Somogyvámos,1368083
Somogyvár,1368049
Somogyzsitfa,1367961
Somoskőújfalu,1372088
Sonkád,1452429
Soponya,1402815
Sopron,1491393
Sopronhorpács,1458355
Sopronkövesd,1458348
Sopronnémeti,1483318
Sorkifalud,1131660
Sorkikápolna,1131681
Sormás,1320799
Sorokpolány,1131689
Sukoró,1361448
Sumony,575234
Surd,1607225
Szabadbattyán,1361452
Szabadegyháza,1418519
Szabadhídvég,1458084
Szabadi,1367945
Szabadkígyós,1026149
Szabadszentkirály,575195
Szabadszállás,1130361
Szabolcs,1453508
Szabolcsbáka,1452610
Szabolcsveresmart,1453532
Szabás,1367933
Szada,1385789
Szajk,575240
Szajla,1417279
Szajol,1273072
Szakadát,1503227
Szakcs,1503183
Szakmár,1130319
Szaknyér,1131479
Szakoly,1447649
Szakony,1333866
Szakonyfalu,1131386
Szakácsi,1317833
Szakáld,1418314
Szakály,1503719
Szalafő,1131378
Szalapa,1359788
Szalaszend,1317816
Szalatnak,575337
Szalkszentmárton,1130324
Szalmatercs,1370508
Szalonna,1317779
Szalánta,575242
Szamosangyalos,1452472
Szamosbecs,1452457
Szamoskér,1452111
Szamosszeg,1452133
Szamossályi,1452453
Szamostatárfalva,1452480
Szamosújlak,1452454
Szanda,1370285
Szank,1130428
Szany,1480091
Szaporca,575383
Szarvas,1026183
Szarvasgede,1370533
Szarvaskend,1131361
Szarvaskő,1607553
Szatmárcseke,1452450
Szatta,1607270
Szatymaz,1025065
Szava,575099
Szebény,575189
Szederkény,575142
Szedres,1493766
Szeged,1025105
Szegerdő,1367925
Szeghalom,1026158
Szegi,1433785
Szegilong,1432104
Szegvár,1025051
Szekszárd,1501296
Szeleste,1131466
Szelevény,1319852
Szellő,575101
Szemely,575386
Szemenye,1131472
Szemere,1317783
Szendehely,1607369
Szendrő,1317824
Szendrőlád,1317839
Szenna,1367902
Szenta,1367986
Szentantalfa,1078476
Szentbalázs,1368085
Szentborbás,1368024
Szentbékkálla,1078618
Szentdomonkos,1415531
Szentdénes,575130
Szente,1370286
Szentegát,575229
Szentendre,216160
Szentes,1025074
Szentgotthárd,1131453
Szentgyörgyvár,1359595
Szentgyörgyvölgy,1311788
Szentgál,1078431
Szentgáloskér,1367956
Szentimrefalva,1078545
Szentistván,1335907
Szentistvánbaksa,1439562
Szentjakabfa,1078544
Szentkatalin,575247
Szentkirály,1130313
Szentkirályszabadja,1078600
Szentkozmadombja,1356966
Szentliszló,1320814
Szentlászló,575287
Szentlőrinc,575346
Szentlőrinckáta,1607383
Szentmargitfalva,1320819
Szentmártonkáta,1385346
Szentpéterfa,1131669
Szentpéterfölde,1320808
Szentpéterszeg,1443822
Szentpéterúr,1358252
Szenyér,1367984
Szepetnek,1320771
Szerecseny,1440732
Szeremle,1130429
Szerencs,1433784
Szerep,1405219
Szergény,1132227
Szigetbecse,222337
Szigetcsép,222333
Szigethalom,222332
Szigetmonostor,216157
Szigetszentmiklós,222329
Szigetszentmárton,222335
Szigetvár,575202
Szigetújfalu,222334
Szigliget,1078643
Szihalom,1418111
Szijártóháza,1311723
Szikszó,1440927
Szil,1483320
Szilaspogony,1372110
Szilsárkány,1483303
Szilvágy,1315861
Szilvás,575325
Szilvásszentmárton,1368091
Szilvásvárad,1418234
Szilágy,575313
Szin,1317795
Szinpetri,1317776
Szirmabesenyő,1440900
Szirák,1370534
Szob,1370263
Szokolya,1401467
Szolnok,1273068
Szombathely,1131673
Szomolya,1418153
Szomor,1027776
Szomód,1027786
Szorgalmatos,1446111
Szorosad,1367919
Szuha,1417370
Szuhafő,1418037
Szuhakálló,1428422
Szuhogy,1317837
Szulimán,575161
Szulok,1367913
Szurdokpüspöki,1417421
Szágy,575233
Szákszend,1027764
Szálka,1501287
Szántód,1368096
Szápár,1078541
Szár,1607350
Szárazd,1503225
Szárföld,1483321
Szárliget,1027752
Szárász,575339
Szászberek,1323438
Szászfa,1317789
Szászvár,575133
Szátok,1370302
Százhalombatta,112432
Szécsisziget,1359846
Szécsénke,1370290
Szécsény,1370535
Szécsényfelfalu,1370536
Székely,1452109
Székelyszabar,575129
Székesfehérvár,1361450
Székkutas,1025059
Szólád,1367962
Szögliget,1317813
Szörény,575264
Szúcs,1415530
Szügy,1370322
Szőc,1078504
Szőce,1131508
Sződ,1375511
Sződliget,1375512
Szőke,575115
Szőkedencs,1367916
Szőkéd,575336
Szőlősardó,1317817
Szőlősgyörök,1367969
Szűcsi,1417679
Szűr,575108
Ságvár,1367887
Ságújfalu,1370513
Sály,1418456
Sámod,575277
Sámsonháza,1370528
Sándorfalva,1025100
Sántos,1367973
Sáp,1405225
Sárazsadány,1432106
Sárbogárd,1403022
Sáregres,1403111
Sárfimizdó,1131426
Sárhida,1358049
Sárisáp,1027763
Sárkeresztes,1361432
Sárkeresztúr,1402809
Sárkeszi,1361446
Sármellék,1360531
Sárok,575193
Sárosd,1420600
Sárospatak,1432114
Sárpilis,1501291
Sárrétudvari,1405222
Sárszentlőrinc,1503230
Sárszentmihály,1607345
Sárszentágota,1402813
Sárvár,1131510
Sáránd,1443818
Sásd,575116
Sáska,1078559
Sáta,1428542
Sátoraljaújhely,1439147
Sátorhely,575104
Sávoly,1367983
Sé,1131697
Sénye,1359706
Sényő,1447607
Sérsekszőlős,1367864
Sóly,1078649
Sóshartyán,1370502
Sóskút,113460
Sóstófalva,1439556
Sósvertike,575317
Sótony,1131349
Söjtör,1356973
Söpte,1131687
Söréd,1369093
Súr,1027807
Sükösd,1130330
Sülysáp,1385347
Sümeg,1078465
Sümegcsehi,1359791
Sümegprága,1078492
Süttő,1607359
Tab,1367915
Tabajd,1370215
Tabdi,1130364
Tagyon,1078627
Tahitótfalu,216161
Taksony,222341
Taktabáj,1439553
Taktaharkány,1439555
Taktakenéz,1431906
Taktaszada,1439563
Takácsi,1078467
Taliándörögd,1078525
Tamási,1503200
Tanakajd,1131684
Tapolca,1078647
Tapsony,1367842
Tar,1372130
Tarany,1368060
Tarcal,1433790
Tard,1418320
Tardona,1428645
Tardos,1027834
Tarhos,1026212
Tarján,1027820
Tarjánpuszta,1440656
Tarnabod,1418101
Tarnalelesz,1415532
Tarnaméra,1323523
Tarnaszentmiklós,1323515
Tarnaszentmária,1417283
Tarnazsadány,1418102
Tarnaörs,1348114
Tarpa,1452462
Tarrós,575316
Tass,1130388
Taszár,1367911
Tata,1027792
Tatabánya,1027771
Tataháza,1130328
Tatárszentgyörgy,1348145
Tekenye,2132269
Teklafalu,575310
Telekes,1131476
Telekgerendás,1026141
Teleki,1367976
Telki,113476
Telkibánya,1280993
Tengelic,1493091
Tengeri,575307
Tengőd,1368084
Tenk,1323526
Terem,1452114
Tereske,1322029
Teresztenye,1317786
Terpes,1415524
Terény,1370298
Teskánd,1357854
Tetétlen,1405213
Tevel,1501377
Tibolddaróc,1418318
Tiborszállás,1452147
Tihany,1078511
Tikos,1367993
Tilaj,1359603
Timár,1453503
Tinnye,215937
Tiszaadony,1456936
Tiszaalpár,1130379
Tiszabecs,1452436
Tiszabercel,1453515
Tiszabezdéd,1456934
Tiszabura,1325118
Tiszabábolna,1335904
Tiszabő,1325325
Tiszacsege,1418267
Tiszacsermely,1317828
Tiszacsécse,1452431
Tiszadada,1431904
Tiszaderzs,1325121
Tiszadob,1431907
Tiszadorogma,1335905
Tiszaeszlár,1446113
Tiszaföldvár,1607433
Tiszafüred,1335908
Tiszagyenda,1325128
Tiszagyulaháza,1431902
Tiszaigar,1325124
Tiszainoka,1319851
Tiszajenő,1322067
Tiszakanyár,1453527
Tiszakarád,1317354
Tiszakerecseny,1456941
Tiszakeszi,1418295
Tiszakécske,1130370
Tiszakóród,1452445
Tiszakürt,1319850
Tiszaladány,1439565
Tiszalök,1446112
Tiszalúc,1439557
Tiszamogyorós,1456927
Tiszanagyfalu,1447613
Tiszanána,1325117
Tiszapalkonya,1418294
Tiszapüspöki,1273073
Tiszaroff,1325328
Tiszarád,1453514
Tiszasas,1607402
Tiszaszalka,1456919
Tiszaszentimre,1325129
Tiszaszentmárton,1456922
Tiszasziget,1025057
Tiszaszőlős,1325125
Tiszasüly,1325327
Tiszatardos,1431905
Tiszatarján,1418297
Tiszatelek,1453512
Tiszatenyő,1273069
Tiszaug,1130424
Tiszavalk,1335906
Tiszavasvári,1446108
Tiszavid,1456921
Tiszavárkony,1315887
Tiszaörs,1325127
Tiszaújváros,1440871
Tisztaberek,1452427
Tivadar,1452470
Tokaj,1433789
Tokod,1027760
Tokodaltáró,1027797
Tokorcs,1132236
Tolcsva,1432112
Told,1444161
Tolmács,1322030
Tolna,1493767
Tolnanémedi,1403018
Tomajmonostora,1325126
Tomor,1317809
Tompa,1130404
Tompaládony,1131493
Tordas,1370249
Tormafölde,1359841
Tormás,575319
Tormásliget,1131499
Tornabarakony,1317799
Tornakápolna,1317811
Tornanádaska,1317803
Tornaszentandrás,1317781
Tornaszentjakab,1317832
Tornyiszentmiklós,1359844
Tornyosnémeti,1280995
Tornyospálca,1453880
Torony,1131668
Torvaj,1368092
Trizs,1418038
Tunyogmatolcs,1452110
Tura,1607384
Tuzsér,1453874
Tyukod,1456961
Táborfalva,1607389
Tác,1402812
Tákos,1456925
Tállya,1432111
Táp,1440653
Tápióbicske,1330550
Tápiógyörgye,1355332
Tápiószecső,1385343
Tápiószele,1323436
Tápiószentmárton,1330549
Tápiószőlős,1323404
Tápióság,1330552
Táplánszentkereszt,1131695
Tápszentmiklós,1440706
Tárkány,1027765
Tárnok,112434
Tárnokréti,1492748
Táska,1367843
Tát,1027833
Tázlár,1130384
Téglás,1407077
Tékes,575181
Tényő,1440729
Tépe,1443817
Tés,1078533
Tésa,1360849
Tésenfa,575239
Téseny,575223
Tét,1440738
Tóalmás,1385345
Tófalu,1418099
Tófej,1356971
Tófű,575219
Tószeg,1315881
Tótkomlós,1026188
Tótszentgyörgy,575324
Tótszentmárton,1320768
Tótszerdahely,1320767
Tótvázsony,1078531
Tótújfalu,1367923
Tök,215935
Tököl,222331
Töltéstava,1440625
Tömörd,1131440
Tömörkény,1025062
Törtel,1319912
Törökbálint,113462
Törökkoppány,1367854
Törökszentmiklós,1315885
Töttös,575318
Túristvándi,1452448
Túrkeve,1325357
Túrony,575312
Túrricse,1452485
Türje,1359789
Tüskevár,1078553
Udvar,575270
Udvari,1503220
Ugod,1078458
Ukk,1078582
Und,1458352
Uppony,1428548
Ura,1456962
Uraiújfalu,1131401
Uszka,1452477
Uszód,1130393
Uzsa,1078477
Vadna,1428437
Vadosfa,1483304
Vaja,1452130
Vajdácska,1607468
Vajszló,575180
Vajta,1403105
Valkonya,1320825
Valkó,1379825
Vanyarc,1372509
Vanyola,1078506
Varbó,1428679
Varbóc,1317796
Varga,575268
Varsád,1493778
Varsány,1370315
Varászló,1368093
Vasad,1356665
Vasalja,1131465
Vasasszonyfa,1131690
Vasboldogasszony,1357196
Vasegerszeg,1131346
Vashosszúfalu,1131511
Vaskeresztes,1131679
Vaskút,1130320
Vasmegyer,1453513
Vaspör,1357101
Vassurány,1131688
Vasszentmihály,1131415
Vasszilvágy,1131665
Vasszécseny,1131692
Vasvár,1131419
Vaszar,1078438
Vatta,1418317
Vecsés,1385590
Vejti,575177
Vekerd,1444180
Velem,1131567
Velemér,1131366
Velence,1418512
Velény,575364
Vereb,1361443
Veresegyház,1390690
Verpelét,1417282
Verseg,1372514
Versend,575306
Verőce,1440600
Veszkény,1483476
Veszprém,1078442
Veszprémfajsz,1078434
Veszprémgalsa,1078443
Veszprémvarsány,1440705
Vezseny,1319855
Vid,1078450
Vigántpetend,1078554
Villány,575387
Villánykövesd,575343
Vilmány,1280998
Vilonya,1078641
Vilyvitány,1432031
Vindornyafok,1360483
Vindornyalak,1360479
Vindornyaszőlős,1360490
Vinár,1078588
Visegrád,216166
Visnye,1367848
Visonta,1417306
Viss,1432113
Visz,1367874
Viszló,1317763
Visznek,1348117
Viszák,1131430
Vitnyéd,1483465
Vizslás,1372109
Vizsoly,1280984
Vokány,575275
Vonyarcvashegy,1360486
Vác,1440602
Vácduka,1375473
Vácegres,1390689
Váchartyán,1390629
Váckisújfalu,1375465
Vácrátót,1390628
Vácszentlászló,1379824
Vág,1483306
Vágáshuta,1432026
Vál,1370248
Vállaj,1452123
Vállus,1360489
Vámosatya,1456935
Vámoscsalád,1131357
Vámosgyörk,1417489
Vámosmikola,1360853
Vámosoroszi,1452458
Vámospércs,1444233
Vámosszabadi,1492797
Vámosújfalu,1432108
Váncsod,1444151
Várad,575255
Váralja,1501371
Váraszó,1415541
Várbalog,1491424
Várda,1368006
Várdomb,1501300
Várfölde,1314046
Várgesztes,1027811
Várkesző,1078594
Várong,1503179
Városföld,1130358
Városlőd,1078515
Várpalota,1078609
Várvölgy,1360480
Vászoly,1078507
Vásárosbéc,575197
Vásárosdombó,575351
Vásárosfalu,1483305
Vásárosmiske,1131350
Vásárosnamény,1456924
Vát,1131662
Vázsnok,575192
Vécs,1417302
Végegyháza,1026142
Vékény,575236
Véménd,575381
Vének,1440626
Vép,1131686
Vértesacsa,1370217
Vértesboglár,1321965
Vérteskethely,1027777
Vértessomló,1027796
Vértesszőlős,1027824
Vértestolna,1027782
Vése,1368057
Vésztő,1026184
Vízvár,1368089
Vöckönd,1359849
Völcsej,1458344
Vönöck,1132224
Vörs,1368018
Vöröstó,1078522
Zabar,1372105
Zagyvarékas,1315886
Zagyvaszántó,1372510
Zajk,1320803
Zajta,1452473
Zala,1367980
Zalaapáti,1360532
Zalabaksa,1356877
Zalaboldogfa,1357106
Zalabér,1359795
Zalacsány,1359596
Zalacséb,1357100
Zalaegerszeg,1357195
Zalaerdőd,1078651
Zalagyömörő,1078548
Zalahaláp,1078521
Zalaháshágy,1357107
Zalaigrice,1358258
Zalaistvánd,1359702
Zalakaros,1599287
Zalakomár,1600739
Zalaköveskút,1360482
Zalalövő,1283485
Zalameggyes,1078539
Zalamerenye,1358087
Zalaszabar,1358084
Zalaszegvár,1078604
Zalaszentbalázs,1320807
Zalaszentgrót,1359709
Zalaszentgyörgy,1357105
Zalaszentiván,1357201
Zalaszentjakab,1360008
Zalaszentlászló,1359711
Zalaszentlőrinc,1357193
Zalaszentmihály,1358266
Zalaszentmárton,1358265
Zalaszombatfa,1312666
Zalaszántó,1417125
Zalasárszeg,1359974
Zalatárnok,1356909
Zalavár,1360530
Zalavég,1359786
Zalaújlak,1358072
Zalkod,1453506
Zaláta,575254
Zamárdi,1368080
Zaránk,1323521
Zebecke,1356974
Zebegény,1370260
Zemplénagárd,1317350
Zengővárkony,575377
Zichyújfalu,1361451
Zics,1367989
Ziliz,1317771
Zimány,1367947
Zirc,1078490
Zomba,1501372
Zsadány,1026207
Zsana,1130411
Zsarolyán,1452486
Zsebeháza,1483292
Zselickisfalud,1367863
Zselickislak,1368075
Zselicszentpál,1367927
Zsennye,1131680
Zsira,1458350
Zsombó,1025102
Zsujta,1280977
Zsurk,1456918
Zsáka,1444179
Zsámbok,1379826
Zsámbék,215934
Zsédeny,1131356
Zubogy,1418046
Zádor,575109
Zádorfalva,1418043
Záhony,1456916
Zákány,1367965
Zákányfalu,1368076
Zákányszék,1025043
Zámoly,1321962
Zánka,1078485
Závod,1501369
Zók,575206
Ábrahámhegy,1078516
Ács,1027798
Ácsteszér,1027789
Ádánd,1367959
Ág,575221
Ágasegyháza,1130325
Ágfalva,1491394
Álmosd,1452163
Áporka,222345
Ároktő,1418303
Árpádhalom,1025092
Árpás,1440730
Ártánd,1444152
Ásotthalom,1025048
Ásványráró,1492796
Ászár,1027831
Áta,575122
Átány,1323524
Écs,1440712
Égerszög,1317768
Érd,112435
Érpatak,1447641
Érsekcsanád,1130367
Érsekhalma,1130350
Érsekvadkert,1370300
Értény,1503178
Óbarok,1370218
Óbudavár,1078648
Óbánya,575205
Ócsa,214784
Ócsárd,575230
Ófalu,575246
Ófehértó,1447643
Óföldeák,1025113
Óhíd,1359790
Ólmod,1131561
Ónod,1440862
Ópusztaszer,1025114
Ópályi,1452151
Ózd,1428610
Ózdfalu,575262
Öcs,1078509
Öcsöd,1319849
Ököritófülpös,1452463
Ölbő,1131481
Ömböly,1452156
Öregcsertő,1130436
Öreglak,1367934
Örkény,1356711
Örményes,1325335
Örménykút,1026217
Örvényes,1078429
Öskü,1078464
Öttevény,1492790
Öttömös,1025081
Ötvöskónyi,1367930
Újbarok,1370216
Újcsanálos,1439564
Újdombrád,1453504
Újfehértó,1447637
Újhartyán,1356706
Újireg,1503177
Újiráz,1413580
Újkenéz,1453879
Újkér,1430604
Újkígyós,1026210
Újlengyel,1323258
Újléta,1443913
Újlőrincfalva,1325130
Újpetre,575295
Újrónafő,1491425
Újsolt,1130337
Újszalonta,1026160
Újszentiván,1025063
Újszentmargita,1431871
Újszilvás,1323405
Újszász,1323403
Újtelek,1130344
Újtikos,1431903
Újudvar,1358075
Újvárfalva,1368087
Úny,1027787
Úrhida,1361435
Úri,1330553
Úrkút,1078587
Üllés,1025041
Üllő,1385397
Üröm,215941
Őcsény,1501295
Őr,1452146
Őrbottyán,1390624
Őrhalom,1370313
Őrimagyarósd,1131399
Őriszentpéter,1131459
Őrtilos,1368043
Ősagárd,1373925
Ősi,1078519
